{
  "ndcg@10": 0.5597016150134456,
  "precision@10": 0.07633333333333332
}